id;birth_date;gender;register_date;phone_number;mobile_number
1;2023-01-10T06:01:41;Other;2023-01-10T13:25:35;Route Director;Automotive
2;2023-01-10T12:44:40;Male;2023-01-09T21:02:58;India;collaborative multi-byte
3;2023-01-10T00:06:37;Other;2023-01-10T05:18:14;Grass-roots;Infrastructure Connecticut
4;2023-01-10T06:20:06;Femal;2023-01-09T23:55:36;Metal;Alaska Regional
5;2023-01-10T15:23:20;Male;2023-01-10T11:14:54;asymmetric;International invoice Metal
6;2023-01-10T08:03:43;Other;2023-01-09T23:08:22;bandwidth Tools;extensible Loan Louisiana
7;2023-01-10T16:18:48;Male;2023-01-10T00:51:58;Monaco deposit;solid Pitcairn
8;2023-01-09T22:43:11;Femal;2023-01-10T10:25:40;Bike Administrator;Wyoming Italy Supervisor
9;2023-01-10T08:14:14;Other;2023-01-09T20:43:00;Mouse;protocol sexy Quality
10;2023-01-09T18:42:20;Other;2023-01-10T12:09:26;Progressive Configuration front-end;Practical Up-sized South
